"state","stateNum","year","gsp","stapprop","popltion","govtideo","citzideo","farmbur","povrate","lscgrnts","lscderiv","othfed","standloc","iolta","private","nonlscdv","nonlscto","grandtot","pctnolsc","year96","year97","year98","year99","pctstate","pcfarmbu","povpop","lscppp","totppp","st$ppp","othrppp","outlier","newprivt","gsp99","lsc99","othr99","stloc99","prvt99"
"alabama",1,1996,99286,0,4040389,30.86,29.4,2625,14,5579780,1519101,74313,0,380735,27400,44836,527284,7626165,6.91,1,0,0,0,0,0,565654.46,9.86,13.48,0,3.62,0,408135,105342.45,5920146.58,78846.09,0,433031.24
"alaska",2,1996,25774,1,550043,41.73,31.54,318,8.2,938850,325308,443976,487871,142635,1007,124071,1199560,2463718,48.69,1,0,0,0,19.8,0,45103.53,20.82,54.62,10.82,22.99,1,143642,27346.21,996119.85,471058.54,517631.13,152404.16
"arizona",3,1996,112882,0,3665339,1.79,36.17,7504,20.5,6874795,1318207,300457,657545,554999,370368,338645,2222014,10376626,21.41,1,0,0,0,6.34,0,751394.5,9.15,13.81,0.88,3.84,0,925367,119767.8,7294157.5,318784.88,697655.25,981814.39
"arkansas",4,1996,56796,0,2350624,61.02,35.49,203953,17.2,3222083,1020548,80166,16600,224200,39862,201126,561954,4804585,11.7,1,0,0,0,0.35,0.09,404307.33,7.97,11.88,0.04,3.87,0,264062,60260.56,3418630.06,85056.13,17612.6,280169.78
"california",5,1996,973395,0,29811427,25.26,50.3,75036,16.9,28667576,4042762,4042762,1337416,3941731,1014685,7264193,16580034,49290372,33.64,1,0,0,0,2.71,0,5038131.16,5.69,9.78,0.27,4.03,0,4956416,1032772.1,30416298.14,4289370.48,1418998.38,5258757.38
"colorado",6,1996,117118,0,3294473,56.08,45.85,20988,10.6,2915732,90375,148055,101443,775776,794189,333728,2153191,4979370,43.24,1,0,0,0,2.04,0.01,349214.14,8.35,14.26,0.29,6.13,0,1569965,124262.2,3093591.65,157086.36,107631.02,1665732.87
"connecticut",7,1996,124157,0,3287116,42.62,58.98,4187,11.7,1688282,5601,0,0,0,0,24834,24834,1706396,1.46,1,0,0,0,0,0,384592.57,4.39,4.44,0,0.08,0,0,131730.58,1791267.2,0,0,0
"delaware",8,1996,29001,0,666168,65.88,45.69,3022,8.6,433534,4187,0,0,0,0,1000,1000,438721,0.23,1,0,0,0,0,0,57290.45,7.57,7.66,0,0.09,0,0,30770.06,459979.57,0,0,0
"florida",9,1996,366318,0,12938071,61.83,43.45,121391,14.2,12369862,3107895,1902885,2762407,7086932,270430,3354612,15377266,30855023,49.84,1,0,0,0,8.95,0.01,1837206.08,6.73,16.79,1.5,8.56,0,7357362,388663.4,13124423.58,2018960.99,2930913.83,7806161.08
"georgia",10,1996,219520,0,6478149,77,38.9,268489,14.8,7117899,1198873,1195105,333887,919031,931625,2041606,5421254,13738026,39.46,1,0,0,0,2.43,0.04,958766.05,7.42,14.33,0.35,6.56,0,1850656,232910.72,7552090.84,1268006.41,354254.11,1963546.02
"hawaii",11,1996,37490,1,1108229,93.88,79.84,1807,12.1,937474,15658,230000,1963646,125000,137585,342020,2798251,3751383,74.59,1,0,0,0,52.34,0,134095.71,6.99,27.98,14.64,6.34,0,262585,39776.89,994659.91,244030,2083428.41,278602.69
"idaho",12,1996,28101,0,1006734,2.38,20.37,46412,11.9,1058093,307242,262213,0,100000,50765,38289,451267,1816602,24.84,1,0,0,0,0,0.05,119801.35,8.83,15.16,0,6.33,0,150765,29815.16,1122636.67,278207.99,0,159961.67
"illinois",13,1996,375949,0,11430602,17.11,52.85,384717,12.1,10230410,2238893,941278,2528872,1205871,1339072,686141,6701234,19170537,34.96,1,0,0,0,13.19,0.03,1383102.84,7.4,13.86,1.83,4.64,0,2544943,398881.89,10854465.01,998695.96,2683133.19,2700184.52
"indiana",14,1996,155096,0,5544156,43.13,38.2,271628,7.5,4423271,860031,492732,375824,0,335032,345590,1549178,6832480,22.67,1,0,0,0,5.5,0.05,415811.7,10.64,16.43,0.9,4.89,0,335032,164556.86,4693090.53,522788.65,398749.26,355468.95
"iowa",15,1996,76976,1,2776831,23.6,41.26,158259,9.6,2370512,656568,165340,741180,459003,350460,134286,1850269,4877349,37.94,1,0,0,0,15.2,0.06,266575.78,8.89,18.3,2.78,6.62,0,809463,81671.54,2515113.23,175425.74,786391.98,858840.24
"kansas",16,1996,68160,1,2477588,10.42,35.8,129282,11.2,2117615,97811,376208,2731876,141495,384880,1082939,4717398,6932824,68.04,1,0,0,0,39.4,0.05,277489.86,7.63,24.98,9.84,7.51,0,526375,72317.76,2246789.52,399156.69,2898520.44,558483.88
"kentucky",17,1996,95536,1,3686892,69.31,36.12,376371,17,5257562,1129206,404120,1601636,228587,679720,551784,3465847,9852615,35.18,1,0,0,0,16.26,0.1,626771.64,8.39,15.72,2.56,4.78,0,908307,101363.7,5578273.28,428771.32,1699335.8,963713.73
"louisiana",18,1996,116867,0,4221826,39.4,36.3,104120,20.5,7456542,1268312,397353,133834,686422,160719,56406,1434734,10159588,14.12,1,0,0,0,1.32,0.02,865474.33,8.62,11.74,0.15,2.97,0,847141,123995.89,7911391.06,421591.53,141997.87,898816.6
"maine",19,1996,28925,1,1227928,50.2,52.2,5006,11.2,1041325,343216,19213,185523,186375,85830,61905,538846,1923387,28.02,1,0,0,0,9.65,0,137527.94,7.57,13.99,1.35,5.06,0,272205,30689.43,1104845.83,20384.99,196839.9,288809.51
"maryland",20,1996,145061,1,4780753,90.17,58.37,14279,10.3,2971013,12282,254740,4484186,1407314,162630,53159,6362029,9345324,68.08,1,0,0,0,47.98,0,492417.56,6.03,18.98,9.11,3.84,0,1569944,153909.72,3152244.79,270279.14,4757721.35,1665710.58
"massachusetts",21,1996,210127,1,6016425,70.3,76.27,5799,10.1,4004616,356918,966380,3233260,1704133,1007171,1911329,8822273,13127911,67.2,1,0,0,0,24.63,0,607658.93,6.59,21.6,5.32,9.78,0,2711304,222944.75,4248897.58,1025329.18,3430488.86,2876693.54
"michigan",22,1996,265130,1,9295287,15.77,48.45,155718,11.2,9294442,1622704,1668358,1655778,627526,2231859,1063882,7247403,18164549,39.9,1,0,0,0,9.12,0.02,1041072.14,8.93,17.45,1.59,6.93,0,2859385,281302.93,9861402.96,1770127.84,1756780.46,3033807.49
"minnesota",23,1996,141540,1,4375665,42.57,52.41,32660,9.8,3544911,311421,495000,4052898,533163,664681,1190858,6936600,10792932,64.27,1,0,0,0,37.55,0.01,428815.17,8.27,25.17,9.45,7.45,0,1197844,150173.94,3761150.57,525195,4300124.78,1270912.48
"mississippi",24,1996,56575,0,2575475,25.88,23.53,201835,20.6,4931278,1081389,168272,5833,191133,0,15102,380340,6393007,5.95,1,0,0,0,0.09,0.08,530547.85,9.29,12.05,0.01,2.74,0,191133,60026.08,5232085.96,178536.59,6188.81,202792.11
"missouri",25,1996,146537,1,5116901,69.18,45.34,83907,9.5,5112965,537958,431639,1205474,743934,889525,818441,4089013,9739936,41.98,1,0,0,0,12.38,0.02,486105.6,10.52,20.04,2.48,7.04,0,1633459,155475.76,5424855.87,457968.98,1279007.91,1733100
"montana",26,1996,18074,0,799065,2.5,38.34,6861,17,1067709,101103,0,26250,0,0,486381,512631,1681443,30.49,1,0,0,0,1.56,0.01,135841.05,7.86,12.38,0.19,4.32,0,0,19176.51,1132839.25,0,27851.25,0
"nebraska",27,1996,47772,0,1578417,62.25,39.5,40741,10.2,1341632,89441,22000,568827,227457,42554,275930,1136768,2567841,44.27,1,0,0,0,22.15,0.03,160998.53,8.33,15.95,3.53,4.08,0,270011,50686.09,1423471.55,23342,603525.45,286481.67
"nevada",28,1996,54564,1,1201675,50.91,39.51,10542,8.1,1027349,136055,251752,100831,38000,188000,152340,730923,1894327,38.58,1,0,0,0,5.32,0.01,97335.68,10.55,19.46,1.04,7.87,0,226000,57892.4,1090017.29,267108.87,106981.69,239786
"new hampshire",29,1996,35068,0,1109252,1.25,30.32,5283,6.4,532860,598,0,0,2500,0,0,2500,535958,0.47,1,0,0,0,0,0,70992.13,7.51,7.55,0,0.04,0,2500,37207.15,565364.46,0,0,2652.5
"new jersey",30,1996,285738,1,7747750,33.75,61.64,10330,9.2,4419569,561733,2560590,4933712,4961411,405641,1561297,14422651,19403953,74.33,1,0,0,0,25.43,0,712793,6.2,27.22,6.92,14.1,0,5367052,303168.02,4689162.71,2716785.99,5234668.43,5694442.17
"new mexico",31,1996,44114,0,1515069,52.08,49.25,14352,25.5,2721151,582984,403564,180682,0,146000,308430,1038676,4342811,23.92,1,0,0,0,4.16,0.01,386342.6,7.04,11.24,0.47,3.73,0,146000,46804.95,2887141.21,428181.4,191703.6,154906
"new york",32,1996,633830,1,17990778,43.68,64.28,27049,16.7,17560207,1850125,1437277,17545191,5060121,959476,2974622,27976687,47387019,59.04,1,0,0,0,37.03,0,3004459.93,5.84,15.77,5.84,4.09,0,6019597,672493.63,18631379.63,1524950.9,18615447.65,6386792.42
"north carolina",33,1996,204329,1,6632448,60.33,42.29,387247,12.2,6508613,1236520,263031,1145574,129001,1075365,915143,4689114,12434247,37.71,1,0,0,0,9.21,0.06,809158.66,8.04,15.37,1.42,4.47,0,1204366,216793.07,6905638.39,279075.89,1215454.01,1277832.33
"north dakota",34,1996,15855,1,638800,7.85,49.46,29885,11,834039,237326,188125,168331,78524,25922,92115,553017,1624382,34.04,1,0,0,0,10.36,0.05,70268,11.87,23.12,2.4,8.85,0,104446,16822.16,884915.38,199600.63,178599.19,110817.21
"ohio",35,1996,306333,1,10847115,14.64,45.83,180882,12.7,10222984,1007977,1317131,1003615,8126326,1100489,3392114,14939675,26170636,57.09,1,0,0,0,3.83,0.02,1377583.61,7.42,19,0.73,10.85,0,9226815,325019.31,10846586.02,1397475.99,1064835.52,9789650.72
"oklahoma",36,1996,74855,1,3145576,10.54,9.25,112091,16.6,4217039,720645,372425,553261,130000,292571,193699,1541956,6479640,23.8,1,0,0,0,8.54,0.04,522165.62,8.08,12.41,1.06,3.27,0,422571,79421.16,4474278.38,395142.93,587009.92,448347.83
"oregon",37,1996,91709,1,2842337,58.76,59.21,21795,11.8,2804548,173181,341092,1674895,153848,237168,826272,3233275,6211004,52.06,1,0,0,0,26.97,0.01,335395.77,8.36,18.52,4.99,5.16,0,391016,97303.25,2975625.43,361898.61,1777063.6,414867.98
"pennsylvania",38,1996,329660,1,11882842,25.45,49.27,26624,11.6,9898048,670837,4976386,1893631,1180927,824399,2438391,11313734,21882619,51.7,1,0,0,0,8.65,0,1378409.67,7.18,15.88,1.37,7.32,0,2005326,349769.26,10501828.93,5279945.55,2009142.49,2127650.89
"rhode island",39,1996,26656,1,1003464,62.42,67.19,2305,11,714578,16778,41697,317498,360000,114781,78677,912653,1644009,55.51,1,0,0,0,19.31,0,110381.04,6.47,14.89,2.88,5.54,0,474781,28282.02,758167.26,44240.52,336865.38,503742.64
"south carolina",40,1996,89854,1,3486310,24.26,37.8,123359,13,3992696,542567,53807,37900,696776,98120,22472,909075,5444338,16.7,1,0,0,0,0.7,0.04,453220.3,8.81,12.01,0.08,3.12,0,794896,95335.09,4236250.46,57089.23,40211.9,843384.66
"south dakota",41,1996,19372,0,696004,6.7,42.85,9644,11.8,1554543,351231,86817,2447,26500,24862,292947,433573,2339347,18.53,1,0,0,0,0.1,0.01,82128.47,18.93,28.48,0.03,9.53,0,51362,20553.69,1649370.12,92112.84,2596.27,54495.08
"tennessee",42,1996,142051,1,4877203,24.18,32.02,479948,15.9,5744233,1227754,562105,1452258,576450,340476,1277513,4208802,11180789,37.64,1,0,0,0,12.99,0.1,775475.28,7.41,14.42,1.87,5.14,0,916926,150716.11,6094631.21,596393.41,1540845.74,972858.49
"texas",43,1996,553180,1,16986335,31.33,34.8,307560,16.6,23309877,3292311,275215,732885,3342325,562699,627704,5540828,32143016,17.24,1,0,0,0,2.28,0.02,2819731.61,8.27,11.4,0.26,2.87,0,3905024,586923.98,24731779.5,292003.12,777590.99,4143230.46
"utah",44,1996,51523,0,1722850,4.75,28.12,21060,7.7,1518858,347563,85801,160175,87700,139445,0,473121,2339542,20.22,1,0,0,0,6.85,0.01,132659.45,11.45,17.64,1.21,4.98,0,227145,54665.9,1611508.34,91034.86,169945.68,241000.85
"vermont",45,1996,14662,1,562758,83.99,75.46,4109,12.6,411528,1663,0,0,0,2520,823,3343,416534,0.8,1,0,0,0,0,0.01,70907.51,5.8,5.87,0,0.07,0,2520,15556.38,436631.21,0,0,2673.72
"virginia",46,1996,199953,1,6189197,27.81,36.51,123262,12.3,4716127,858566,266462,3270547,3379878,647005,368530,7932422,13507115,58.73,1,0,0,0,24.21,0.02,761271.23,6.2,17.74,4.3,7.25,0,4026883,212150.13,5003810.75,282716.18,3470050.37,4272522.86
"washington",47,1996,161779,1,4866669,60.56,48.98,15395,11.9,4183850,80760,0,0,0,0,32000,32000,4296610,0.74,1,0,0,0,0,0,579133.61,7.22,7.42,0,0.19,0,0,171647.52,4439064.85,0,0,0
"west virginia",48,1996,37220,0,1793477,80.8,57.11,13011,18.5,2661010,117520,168188,580929,476449,36836,154116,1416518,4195048,33.77,1,0,0,0,13.85,0.01,331793.25,8.02,12.64,1.75,2.87,0,513285,39490.42,2823331.61,178447.47,616365.67,544595.39
"wisconsin",49,1996,141046,0,4891954,28.72,49.84,46124,8.8,4029200,1398021,304317,173632,676001,140929,450918,1745797,7173018,24.34,1,0,0,0,2.42,0.01,430491.95,9.36,16.66,0.4,6.9,0,816930,149649.81,4274981.2,322880.34,184223.55,866762.73
"wyoming",50,1996,15879,0,453589,4.17,31.2,8077,11.9,540461,39978,0,0,14633,0,81786,96419,676858,14.25,1,0,0,0,0,0.02,53977.09,10.01,12.54,0,2.53,0,14633,16847.62,573429.12,0,0,15525.61
"alabama",1,1997,104213,0,4040389,39.14,36.1,2635,15.7,5683339,1116753,63989,6290,365000,29409,74151,538839,7338931,7.34,0,1,0,0,0.09,0,634341.07,8.96,11.57,0.01,2.6,0,394409,108277.31,5904989.22,66484.57,6535.31,409790.95
"alaska",2,1997,26575,1,550043,39,27.87,318,8.8,956275,40769,436177,435167,188753,11502,112883,1184482,2181526,54.3,0,1,0,0,19.95,0,48403.78,19.76,45.07,8.99,16.32,1,200255,27611.43,993569.73,453187.9,452138.51,208064.95
"arizona",3,1997,122273,1,3665339,5.5,42.39,7515,17.2,4424046,824669,237456,425343,449500,332557,186711,1631567,6880280,23.71,0,1,0,0,6.18,0,630438.31,7.02,10.91,0.67,3.22,0,782057,127041.65,4596583.79,246716.78,441931.38,812557.22
"arkansas",4,1997,59141,0,2350624,45.75,45.22,205341,19.7,3281886,576795,59277,32271,366198,27000,613199,1097945,4956626,22.15,0,1,0,0,0.65,0.09,463072.93,7.09,10.7,0.07,3.55,0,393198,61447.5,3409879.55,61588.8,33529.57,408532.72
"california",5,1997,1045254,0,29811427,43.29,53.68,75036,16.6,29199642,2810001,2072852,2030758,4614439,2182193,6935962,17836204,49845847,35.78,0,1,0,0,4.07,0,4948696.88,5.9,10.07,0.41,3.76,0,6796632,1086018.91,30338428.04,2153693.23,2109957.56,7061700.65
"colorado",6,1997,129575,0,3294473,55.57,46.29,21270,8.2,2969848,124973,161444,196853,822100,828301,422680,2431378,5342931,45.51,0,1,0,0,3.68,0.01,270146.79,10.99,19.78,0.73,8.73,0,1650401,134628.43,3085672.07,167740.32,204530.27,1714766.64
"connecticut",7,1997,134968,0,3287116,62.87,67.62,4422,8.6,1719616,41366,0,0,0,0,62996,62996,1823978,3.45,0,1,0,0,0,0,282691.98,6.08,6.45,0,0.37,0,0,140231.75,1786681.02,0,0,0
"delaware",8,1997,31263,0,666168,53.75,43.83,3364,9.6,421648,28154,0,0,0,0,4500,4500,454302,0.99,0,1,0,0,0,0.01,63952.13,6.59,7.1,0,0.51,0,0,32482.26,438092.27,0,0,0
"florida",9,1997,389473,0,12938071,55.27,44.6,129270,14.3,12599444,1338440,2172659,3702727,5643994,697247,4386865,16603492,30541376,54.36,0,1,0,0,12.12,0.01,1850144.15,6.81,16.51,2,7.7,0,6341241,404662.45,13090822.32,2257392.7,3847133.35,6588549.4
"georgia",10,1997,235733,0,6478149,85.34,41.8,285088,14.5,7250005,844452,1459570,868025,1259887,958449,583038,5128969,13223426,38.79,0,1,0,0,6.56,0.04,939331.61,7.72,14.08,0.92,5.44,0,2218336,244926.59,7532755.2,1516493.23,901877.98,2304851.1
"hawaii",11,1997,38537,1,1108229,89.88,74.13,1595,13.9,954873,76142,320032,2188722,0,316885,439156,3264795,4295810,76,0,1,0,0,50.95,0,154043.83,6.2,27.89,14.21,7.48,0,316885,40039.94,992113.05,332513.25,2274082.16,329243.52
"idaho",12,1997,29388,0,1006734,2.88,13.85,48804,14.7,1077731,162647,226798,54254,95000,55029,25878,456959,1697337,26.92,0,1,0,0,3.2,0.05,147989.9,7.28,11.47,0.37,3.82,0,150029,30534.13,1119762.51,235643.12,56369.91,155880.13
"illinois",13,1997,400327,0,11430602,36.68,59.92,358946,11.2,10420282,1962378,1177948,1579010,1429103,1376780,1905786,7468627,19851287,37.62,0,1,0,0,7.95,0.03,1280227.42,8.14,15.51,1.23,6.13,0,2805883,415939.75,10826673,1223887.97,1640591.39,2915312.44
"indiana",14,1997,162953,1,5544156,60.64,40.3,271732,8.8,4505365,718686,407578,687506,0,432846,318891,1846821,7070872,26.12,0,1,0,0,9.72,0.05,487885.73,9.23,14.49,1.41,3.85,0,432846,169308.17,4681074.24,423473.54,714318.73,449726.99
"iowa",15,1997,81695,1,2776831,20.92,40.74,158457,9.6,2414509,423595,173633,862388,466454,351055,175099,2028629,4866733,41.68,0,1,0,0,17.72,0.06,266575.78,9.06,18.26,3.24,5.96,0,817509,84881.11,2508674.85,180404.69,896021.13,849391.85
"kansas",16,1997,72998,1,2477588,6.08,36.68,131473,9.7,2156918,53485,373682,4352465,140000,428247,917154,6211548,8421951,73.75,0,1,0,0,51.68,0.05,240326.04,8.97,35.04,18.11,7.96,0,568247,75844.92,2241037.8,388255.6,4522211.14,590408.63
"kentucky",17,1997,101535,1,3686892,69.65,33.58,389452,15.9,5355139,763064,367123,1941937,318300,768556,669695,4066611,10184814,39.93,0,1,0,0,19.07,0.11,586215.83,9.14,17.37,3.31,4.92,0,1086856,105494.87,5563989.42,381440.8,2017672.54,1129243.38
"louisiana",18,1997,123549,0,4221826,30.81,28.53,107400,16.3,7594935,1109588,156293,321937,685956,146083,82730,1392999,10097522,13.8,0,1,0,0,3.19,0.03,688157.64,11.04,14.67,0.47,3.17,0,832039,128367.41,7891137.47,162388.43,334492.54,864488.52
"maine",19,1997,30409,1,1227928,77.48,71.31,5007,10.1,1060652,207468,2130,219145,258000,89228,200503,769006,2037126,37.75,0,1,0,0,10.76,0,124020.73,8.55,16.43,1.77,6.11,0,347228,31594.95,1102017.43,2213.07,227691.66,360769.89
"maryland",20,1997,154646,1,4780753,94.08,61.61,13770,8.4,3046088,11675,271334,4554653,1395366,163664,689275,7074292,10132055,69.82,0,1,0,0,44.95,0,401583.25,7.59,25.23,11.34,6.3,0,1559030,160677.19,3164885.43,281916.03,4732284.47,1619832.17
"massachusetts",21,1997,223571,1,6016425,80.38,86.12,5902,12.2,4078942,263786,228313,1124555,3000011,156317,534095,2343291,6686019,35.05,0,1,0,0,16.82,0,734003.85,5.56,9.11,1.53,5.7,0,3156328,232290.27,4238020.74,237217.21,1168412.65,3279424.79
"michigan",22,1997,279503,1,9295287,29.85,56.95,161366,10.3,9466945,724909,1718115,2613041,604975,1795843,1201272,7933246,18125100,43.77,0,1,0,0,14.42,0.02,957414.56,9.89,18.93,2.73,6.31,0,2400818,290403.62,9836155.86,1785121.49,2714949.6,2494449.9
"minnesota",23,1997,152334,1,4375665,45.64,56.51,32796,9.6,3610704,289264,650828,4487289,688211,874275,1282166,7982769,11882737,67.18,0,1,0,0,37.76,0.01,420063.84,8.6,28.29,10.68,9.01,0,1562486,158275.03,3751521.46,676210.29,4662293.27,1623422.95
"mississippi",24,1997,58743,0,2575475,27.88,23.9,207138,16.7,5022802,708651,212627,5000,258288,19925,68699,564539,6295992,8.97,0,1,0,0,0.08,0.08,430104.33,11.68,14.64,0.01,2.95,0,278213,61033.98,5218691.28,220919.45,5195,289063.31
"missouri",25,1997,155811,1,5116901,70.91,46.33,85305,11.8,5207860,228975,659480,1461397,770834,892232,1821780,5605723,11042558,50.76,0,1,0,0,13.23,0.02,603794.32,8.63,18.29,2.42,7.24,0,1663066,161887.63,5410966.54,685199.72,1518391.48,1727925.57
"montana",26,1997,18907,0,799065,10.5,27.65,7600,15.6,1087526,35515,0,51043,66375,0,377853,495271,1618312,30.6,0,1,0,0,3.15,0.01,124654.14,8.72,12.98,0.41,3.85,0,66375,19644.37,1129939.51,0,53033.68,68963.63
"nebraska",27,1997,49275,0,1578417,39.85,29.27,41006,9.8,1366533,82385,23433,513019,263001,42554,195734,1037741,2486659,41.73,0,1,0,0,20.63,0.03,154684.87,8.83,16.08,3.32,3.92,0,305555,51196.73,1419827.79,24346.89,533026.74,317471.65
"nevada",28,1997,59248,1,1201675,52.51,32.1,10125,11,1046417,84894,0,5000,4500,7392,0,16892,1148203,1.47,0,1,0,0,0.44,0.01,132184.25,7.92,8.69,0.04,0.73,0,11892,61558.67,1087227.26,0,5195,12355.79
"new hampshire",29,1997,37470,1,1109252,43.78,38.54,5284,9.1,542750,26068,0,0,1463,0,14137,15600,584418,2.67,0,1,0,0,0,0,100941.93,5.38,5.79,0,0.41,0,1463,38931.33,563917.25,0,0,1520.06
"new jersey",30,1997,299986,1,7747750,39.21,66.65,15676,9.3,4501595,396773,2370834,10220069,5495706,350945,2348711,20786265,25684633,80.93,0,1,0,0,39.79,0,720540.75,6.25,35.65,14.18,15.21,0,5846651,311685.45,4677157.21,2463296.53,10618651.69,6074670.39
"new mexico",31,1997,47829,0,1515069,45.11,44.79,14552,21.2,5349999,774677,371233,171632,127214,134330,836443,1667852,7792528,21.4,0,1,0,0,2.2,0.01,321194.63,16.66,24.26,0.53,6.99,0,261544,49694.33,5558648.96,385711.09,178325.65,271744.22
"new york",32,1997,663377,1,17990778,50.73,69.12,28403,16.5,17886118,1623334,1266996,18537455,5356040,926968,3043437,29130896,48640348,59.89,0,1,0,0,38.11,0,2968478.37,6.03,16.39,6.24,4.12,0,6283008,689248.7,18583676.6,1316408.84,19260415.75,6528045.31
"north carolina",33,1997,221629,1,6632448,71.3,42.33,390100,11.4,6629411,981045,382412,1834300,1361454,1130504,1578628,6287298,13897754,45.24,0,1,0,0,13.2,0.06,756099.07,8.77,18.38,2.43,7.19,0,2491958,230272.53,6887958.03,397326.07,1905837.7,2589144.36
"north dakota",34,1997,15910,1,638800,10.93,48.8,29025,13.6,849519,192507,125000,182196,85600,18464,150552,561812,1603838,35.03,0,1,0,0,11.36,0.05,86876.8,9.78,18.46,2.1,6.59,0,104064,16530.49,882650.24,129875,189301.64,108122.5
"ohio",35,1997,326451,1,10847115,15,48.07,185902,11,10412717,526780,1126280,1431054,11037125,1222143,2490548,17343150,28140753,61.63,0,1,0,0,5.09,0.02,1193182.65,8.73,23.58,1.2,13.75,0,12259268,339182.59,10818812.96,1170204.92,1486865.11,12737379.45
"oklahoma",36,1997,79423,1,3145576,21.43,16.59,113268,13.7,4295305,573339,390814,820156,150000,308656,583052,2252678,7121322,31.63,0,1,0,0,11.52,0.04,430943.91,9.97,16.52,1.9,4.65,0,458656,82520.5,4462821.9,406055.75,852142.08,476543.58
"oregon",37,1997,97510,1,2842337,55.34,53.28,20487,11.6,2856600,46009,531997,1723947,210141,412421,854103,3732609,6635218,56.25,0,1,0,0,25.98,0.01,329711.09,8.66,20.12,5.23,6.23,0,622562,101312.89,2968007.4,552744.88,1791180.93,646841.92
"pennsylvania",38,1997,347306,1,11882842,33.14,57.66,25239,11.2,10081757,809513,4873941,1823567,1729226,912947,2046296,11385977,22168829,51.36,0,1,0,0,8.23,0,1330878.3,7.58,16.66,1.37,7.79,0,2642173,360850.93,10474945.52,5064024.7,1894686.11,2745217.75
"rhode island",39,1997,29409,1,1003464,63.08,69.22,2383,12.7,727840,5952,39561,318627,370000,114781,99013,941982,1675774,56.21,0,1,0,0,19.01,0,127439.93,5.71,13.15,2.5,4.94,0,484781,30555.95,756225.76,41103.88,331053.45,503687.46
"south carolina",40,1997,95447,1,3486310,24.45,41.37,126500,13.1,4066799,293980,101633,134679,898824,150334,31799,1317269,5678048,23.2,0,1,0,0,2.37,0.04,456706.61,8.9,12.43,0.29,3.23,0,1049158,99169.43,4225404.16,105596.69,139931.48,1090075.16
"south dakota",41,1997,19767,0,696004,9,42.18,9763,16.5,1583395,281645,197459,10814,34500,50450,102104,395327,2260367,17.49,0,1,0,0,0.48,0.01,114840.66,13.79,19.68,0.09,5.8,0,84950,20537.91,1645147.41,205159.9,11235.75,88263.05
"tennessee",42,1997,151738,1,4877203,32.89,35.11,486517,14.3,5850844,864560,834001,1504498,636218,307181,1537586,4819484,11534888,41.78,0,1,0,0,13.04,0.1,697440.03,8.39,16.54,2.16,5.99,0,943399,157655.78,6079026.92,866527.04,1563173.42,980191.56
"texas",43,1997,608622,1,16986335,21.99,38.97,311523,16.7,23742502,2478894,203356,915070,3179763,715526,700469,5714184,31748086,18,0,1,0,0,2.88,0.02,2836717.95,8.37,11.19,0.32,2.57,0,3895289,632358.26,24668459.58,211286.88,950757.73,4047205.27
"utah",44,1997,55070,0,1722850,5.3,38.59,22050,8.9,1547047,386601,121129,184926,94000,99004,107456,606515,2540163,23.88,0,1,0,0,7.28,0.01,153333.65,10.09,16.57,1.21,5.27,0,193004,57217.73,1607381.83,125853.03,192138.11,200531.16
"vermont",45,1997,15510,1,562758,84.61,59.82,4130,9.3,419165,10239,0,0,0,0,0,0,429404,0,0,1,0,0,0,0.01,52336.49,8.01,8.2,0,0.2,0,0,16114.89,435512.44,0,0,0
"virginia",46,1997,212105,1,6189197,32.86,42.27,136052,12.7,4803657,544708,319755,3568415,3448750,620199,612112,8569231,13917596,61.57,0,1,0,0,25.64,0.02,786028.02,6.11,17.71,4.54,7.06,0,4068949,220377.1,4990999.62,332225.45,3707583.19,4227638.01
"washington",47,1997,175242,1,4866669,53.79,50.96,16651,9.2,4261502,475300,0,47995,75000,0,0,122995,4859797,2.53,0,1,0,0,0.99,0,447733.55,9.52,10.85,0.11,1.23,0,75000,182076.44,4427700.58,0,49866.81,77925
"west virginia",48,1997,38281,0,1793477,42.05,60.74,13369,16.4,2710397,96803,181848,587833,623568,34569,2252318,1680136,4487336,37.44,0,1,0,0,13.1,0.01,294130.23,9.21,15.26,2,10.84,0,658137,39773.96,2816102.48,188940.07,610758.49,683804.34
"wisconsin",49,1997,148194,0,4891954,35.5,52.42,46420,8.2,4103981,856784,321820,151821,913502,182961,505363,2075467,7036232,29.5,0,1,0,0,2.16,0.01,401140.23,10.23,17.54,0.38,6.93,0,1096463,153973.57,4264036.26,334370.98,157742.02,1139225.06
"wyoming",50,1997,16244,0,453589,5.67,28.36,8125,13.5,550492,4224,0,0,15000,0,115004,130004,610257,21.3,0,1,0,0,0,0.02,61234.52,8.99,9.97,0,2.19,0,15000,16877.52,571961.19,0,0,15585
"alabama",1,1998,109672,0,4040389,45.13,41.51,3105,14.5,5683339,769041,97419,14626,394125,31923,31492,569585,7021965,8.11,0,0,1,0,0.21,0,585856.41,9.7,11.99,0.02,2.26,0,426048,112084.78,5808372.46,99562.22,14947.77,435421.06
"alaska",2,1998,24651,1,550043,42.57,31.1,404,9.4,956275,74273,631926,407722,159916,2134,338336,1540034,2570582,59.91,0,0,1,0,15.86,0,51704.04,18.5,49.72,7.89,23.34,1,162050,25193.32,977313.05,645828.37,416691.88,165615.1
"arizona",3,1998,132897,0,3665339,5.64,43.53,7985,16.6,7004987,804170,714369,410069,643000,443904,586512,2797854,10607011,26.38,0,0,1,0,3.87,0,608446.27,11.51,17.43,0.67,5.25,0,1086904,135820.73,7159096.71,730085.12,419090.52,1110815.89
"arkansas",4,1998,61298,0,2350624,46.83,46.76,214758,14.8,3281886,364409,113521,70869,402069,37062,741542,1365063,5011358,27.24,0,0,1,0,1.41,0.09,347892.35,9.43,14.4,0.2,4.77,0,439131,62646.56,3354087.49,116018.46,72428.12,448791.88
"california",5,1998,1125331,0,29811427,44.08,55.65,78117,15.4,29199642,2988561,2292630,2024983,4766296,3626689,7570519,20281117,51829528,39.13,0,0,1,0,3.91,0,4590959.76,6.36,11.29,0.44,4.63,0,8392985,1150088.28,29842034.12,2343067.86,2069532.63,8577630.67
"colorado",6,1998,139860,0,3294473,53.67,45.15,22223,9.2,2969848,235829,265688,269903,1069454,875874,647079,3127998,6333675,49.39,0,0,1,0,4.26,0.01,303091.52,9.8,20.9,0.89,10.21,0,1945328,142936.92,3035184.66,271533.14,275840.87,1988125.22
"connecticut",7,1998,142701,0,3287116,65.97,72.06,4567,9.5,1719616,511060,0,0,0,0,3525,3525,2234201,0.16,0,0,1,0,0,0,312276.02,5.51,7.15,0,1.65,0,0,145840.42,1757447.55,0,0,0
"delaware",8,1998,32693,0,666168,71,54.6,3984,10.3,441581,4750,0,0,51250,0,5850,57100,503431,11.34,0,0,1,0,0,0.01,68615.3,6.44,7.34,0,0.9,0,51250,33412.25,451295.78,0,0,52377.5
"florida",9,1998,415564,0,12938071,58.23,47.55,134928,13.1,12599444,1379320,3216566,3980175,6153676,469002,3555874,17375293,31354057,55.42,0,0,1,0,12.69,0.01,1694887.3,7.43,18.5,2.35,8.72,0,6622678,424706.41,12876631.77,3287330.45,4067738.85,6768376.92
"georgia",10,1998,254891,1,6478149,83.47,40.27,301273,13.6,7250005,599841,1505756,1492582,1427955,1429471,1362599,7218363,15068209,47.9,0,0,1,0,9.91,0.05,881028.26,8.23,17.1,1.69,7.18,0,2857426,260498.6,7409505.11,1538882.63,1525418.8,2920289.37
"hawaii",11,1998,39371,1,1108229,92.88,78.96,1652,10.9,954873,109358,254929,2403346,145000,200654,385472,3389401,4453632,76.1,0,0,1,0,53.96,0,120796.96,7.9,36.87,19.9,9.07,0,345654,40237.16,975880.21,260537.44,2456219.61,353258.39
"idaho",12,1998,31041,0,1006734,13.75,31,48806,13,1077731,139159,423758,0,81280,54517,76615,636170,1853060,34.33,0,0,1,0,0,0.05,130875.42,8.23,14.16,0,5.92,0,135797,31723.9,1101441.08,433080.68,0,138784.53
"illinois",13,1998,423175,0,11430602,28.31,54.33,353710,10.1,10420282,1040312,1577187,1669617,1513515,1558148,1465226,7783893,19224487,40.49,0,0,1,0,8.68,0.03,1154490.8,9.03,16.65,1.45,6.2,0,3071663,432484.85,10649528.2,1611885.11,1706348.57,3139239.59
"indiana",14,1998,176110,0,5544156,64.09,41.96,272418,9.4,4505365,327712,418461,1049605,0,439491,534528,2442085,7275162,33.57,0,0,1,0,14.43,0.05,521150.66,8.65,13.96,2.01,3.3,0,439491,179984.42,4604483.03,427667.14,1072696.31,449159.8
"iowa",15,1998,83069,1,2776831,20.76,42.5,158776,9.1,2414509,318406,359102,833702,459237,383496,476147,2511684,5244599,47.89,0,0,1,0,15.9,0.06,252691.62,9.56,20.75,3.3,7.9,0,842733,84896.52,2467628.2,367002.24,852043.44,861273.13
"kansas",16,1998,76648,1,2477588,2.92,31.72,128483,9.6,2156918,53575,457734,4590550,140000,478909,543658,6210851,8421344,73.75,0,0,1,0,54.51,0.05,237848.45,9.07,35.41,19.3,7.04,0,618909,78334.26,2204370.2,467804.15,4691542.1,632525
"kentucky",17,1998,107648,1,3686892,73.96,36.68,401846,13.5,5355139,618914,621547,2235379,348731,873270,747181,4826108,10800161,44.69,0,0,1,0,20.7,0.11,497730.42,10.76,21.7,4.49,6.45,0,1222001,110016.26,5472952.06,635221.03,2284557.34,1248885.02
"louisiana",18,1998,122580,1,4221826,39.58,35.09,110676,19.1,7594935,554663,255322,353042,827451,141265,133528,1710608,9860206,17.35,0,0,1,0,3.58,0.03,806368.77,9.42,12.23,0.44,2.37,0,968716,125276.76,7762023.57,260939.08,360808.92,990027.75
"maine",19,1998,32208,1,1227928,76.89,70.19,5008,10.4,1060652,291411,55270,611835,301677,93625,148095,1210502,2562565,47.24,0,0,1,0,23.88,0,127704.51,8.31,20.07,4.79,6.97,0,395302,32916.58,1083986.34,56485.94,625295.37,403998.64
"maryland",20,1998,164100,1,4780753,97.92,68.68,14099,7.2,3026155,20521,272935,4382421,2882036,197380,304420,8039192,11085868,72.52,0,0,1,0,39.53,0,344214.22,8.79,32.21,12.73,10.68,0,3079416,167710.2,3092730.41,278939.57,4478834.26,3147163.15
"massachusetts",21,1998,241369,1,6016425,79.76,86.23,6005,8.7,4078942,350278,239563,1193658,358243,216505,542031,2550000,6979220,36.54,0,0,1,0,17.1,0,523428.98,7.79,13.33,2.28,3.26,0,574748,246679.12,4168678.72,244833.39,1219918.48,587392.46
"michigan",22,1998,293173,1,9295287,29.5,57.01,169202,11,9466945,300104,2405406,5552618,982067,2384521,1036951,12361563,22128612,55.86,0,0,1,0,25.09,0.02,1022481.57,9.26,21.64,5.43,6.95,0,3366588,299622.81,9675217.79,2458324.93,5674775.6,3440652.94
"minnesota",23,1998,163009,1,4375665,42.36,53.42,32910,10.4,3610704,402203,707916,4454666,922504,888197,1531539,8504822,12517729,67.94,0,0,1,0,35.59,0.01,455069.16,7.93,27.51,9.79,9.78,0,1810701,166595.2,3690139.49,723490.15,4552668.65,1850536.42
"mississippi",24,1998,61709,0,2575475,32.5,28.35,210679,17.6,5022802,518057,216679,30000,223613,4080,89966,547338,6105197,8.97,0,0,1,0,0.49,0.08,453283.6,11.08,13.47,0.07,2.32,0,227693,63066.6,5133303.64,221445.94,30660,232702.25
"missouri",25,1998,163425,1,5116901,75.93,47.39,87639,9.8,5207860,289334,558555,1224198,850689,951200,1339146,4923788,10420982,47.25,0,0,1,0,11.75,0.02,501456.3,10.39,20.78,2.44,7.95,0,1801889,167020.35,5322432.92,570843.21,1251130.36,1841530.56
"montana",26,1998,19971,0,799065,7.5,40.73,8200,16.6,1087526,5900,0,16560,115459,0,234794,366813,1460239,25.12,0,0,1,0,1.13,0.01,132644.79,8.2,11.01,0.12,2.69,0,115459,20410.36,1111451.57,0,16924.32,117999.1
"nebraska",27,1998,51349,1,1578417,53,34.02,41890,12.3,1366533,60224,103538,841463,299428,43830,302244,1590503,3017260,52.71,0,0,1,0,27.89,0.03,194145.29,7.04,15.54,4.33,4.17,0,343258,52478.68,1396596.73,105815.84,859975.19,350809.68
"nevada",28,1998,63786,1,1201675,69.61,49.76,9538,10.6,1046417,59137,0,129875,50000,12950,11149,203974,1309528,15.58,0,0,1,0,9.92,0.01,127377.55,8.22,10.28,1.02,1.05,0,62950,65189.29,1069438.17,0,132732.25,64334.9
"new hampshire",29,1998,40529,1,1109252,42.61,35.69,5067,9.8,542750,47190,0,0,3000,0,19500,22500,612440,3.67,0,0,1,0,0,0,108706.7,4.99,5.63,0,0.64,0,3000,41420.64,554690.5,0,0,3066
"new jersey",30,1998,316875,1,7747750,23.43,61.72,18871,8.6,4501595,417774,2893493,10191759,6141295,417510,4015410,23659467,28578836,82.79,0,0,1,0,35.66,0,666306.5,6.76,42.89,15.3,20.84,0,6558805,323846.25,4600630.09,2957149.85,10415977.7,6703098.71
"new mexico",31,1998,48488,0,1515069,44.86,43.27,14755,20.4,2769048,207171,262231,19841,3538,279841,657300,1222751,4198980,29.12,0,0,1,0,0.47,0.01,309074.08,8.96,13.59,0.06,4.56,0,283379,49554.74,2829967.06,268000.08,20277.5,289613.34
"new york",32,1998,718686,1,17990778,53.11,71.92,29260,16.7,17886118,2073705,1758724,17677873,4348882,1212918,4201252,29199649,49159472,59.4,0,0,1,0,35.96,0,3004459.93,5.95,16.36,5.88,4.53,0,5561800,734497.09,18279612.6,1797415.93,18066786.21,5684159.6
"north carolina",33,1998,241220,1,6632448,75.68,44.69,400590,14,6629411,866508,1080805,2042904,1554780,1200543,1864287,7743319,15239238,50.81,0,0,1,0,13.41,0.06,928542.72,7.14,16.41,2.2,7.07,0,2755323,246526.84,6775258.04,1104582.71,2087847.89,2815940.11
"north dakota",34,1998,17053,1,638800,4.89,56.65,27795,15.1,849519,101360,125000,259378,65190,66020,56993,572581,1523460,37.58,0,0,1,0,17.03,0.04,96458.8,8.81,15.79,2.69,4.3,0,131210,17428.17,868208.42,127750,265084.32,134096.62
"ohio",35,1998,346648,1,10847115,12.75,49.08,194947,11.2,10412717,396906,1393164,1523373,12458917,1175803,5370172,21921429,32731052,66.97,0,0,1,0,4.65,0.02,1214876.88,8.57,26.94,1.25,17.12,0,13634720,354274.26,10641796.77,1423813.61,1556887.21,13934683.84
"oklahoma",36,1998,82189,1,3145576,28.49,22.46,118110,14.1,4295305,415413,417593,883667,223849,297074,743760,2565943,7276661,35.26,0,0,1,0,12.14,0.04,443526.22,9.68,16.41,1.99,4.73,0,520923,83997.16,4389801.71,426780.05,903107.67,532383.31
"oregon",37,1998,102943,1,2842337,55.29,53.97,19689,15,2856600,42140,439185,2382958,256593,425989,1397208,4901933,7800673,62.84,0,0,1,0,30.55,0.01,426350.55,6.7,18.3,5.59,6.01,0,682582,105207.75,2919445.2,448847.07,2435383.08,697598.8
"pennsylvania",38,1998,365038,1,11882842,28.23,56.29,26100,11.2,10081757,1247547,5108401,2282445,2352289,1033347,1915109,12691591,24020895,52.84,0,0,1,0,9.5,0,1330878.3,7.58,18.05,1.71,8.76,0,3385636,373068.84,10303555.65,5220785.82,2332658.79,3460119.99
"rhode island",39,1998,30838,1,1003464,71.08,76.69,2570,11.6,727840,2173,48642,396473,370000,465813,172499,1453427,2183440,66.57,0,0,1,0,18.16,0,116401.82,6.25,18.76,3.41,9.1,0,835813,31516.44,743852.48,49712.12,405195.41,854200.89
"south carolina",40,1998,101384,1,3486310,23.81,41.07,130100,13.7,4066799,308849,388617,666625,898824,526158,203083,2683307,7058955,38.01,0,0,1,0,9.44,0.04,477624.47,8.51,14.78,1.4,4.87,0,1424982,103614.45,4156268.58,397166.57,681290.75,1456331.6
"south dakota",41,1998,20570,0,696004,2.5,44.16,10162,10.8,1583395,227375,119434,159515,36479,43125,30950,389503,2200273,17.7,0,0,1,0,7.25,0.01,75168.43,21.06,29.27,2.12,6.08,0,79604,21022.54,1618229.69,122061.55,163024.33,81355.29
"tennessee",42,1998,162228,1,4877203,38.24,40.25,492301,13.4,5850844,532808,1197959,1575461,648470,305195,1407511,5133596,11517248,44.57,0,0,1,0,13.68,0.1,653545.2,8.95,17.62,2.41,6.26,0,953665,165797.02,5979562.57,1224314.1,1610121.14,974645.63
"texas",43,1998,641405,1,16986335,22.83,41.24,312836,15.1,23742502,1480755,793882,795607,3336036,1068265,1200129,7193919,32417176,22.19,0,0,1,0,2.45,0.02,2564936.59,9.26,12.64,0.31,3.07,0,4404301,655515.91,24264837.04,811347.4,813110.35,4501195.62
"utah",44,1998,59084,0,1722850,5,36.45,22062,9,1547047,356699,242859,109086,94000,115286,63512,624743,2528489,24.71,0,0,1,0,4.31,0.01,155056.5,9.98,16.31,0.7,5.63,0,209286,60383.85,1581082.03,248201.9,111485.89,213890.29
"vermont",45,1998,16294,1,562758,92.9,74.21,4476,9.9,419165,60743,0,0,0,0,0,0,479908,0,0,0,1,0,0,0.01,55713.04,7.52,8.61,0,1.09,0,0,16652.47,428386.63,0,0,0
"virginia",46,1998,228049,1,6189197,26.14,43.69,142780,8.8,4803657,261623,411460,3964892,2917592,480635,579726,8354305,13419585,62.25,0,0,1,0,29.55,0.02,544649.34,8.82,24.64,7.28,8.54,0,3398227,233066.08,4909337.45,420512.12,4052119.62,3472987.99
"washington",47,1998,192031,1,4866669,58.2,52.75,18169,8.9,4261502,475115,173805,670595,116887,0,116730,1078017,5814634,18.54,0,0,1,0,11.53,0,433133.54,9.84,13.42,1.55,2.04,0,116887,196255.68,4355255.04,177628.71,685348.09,119458.51
"west virginia",48,1998,39024,0,1793477,44.65,65.38,13692,17.8,2710397,186471,173841,575083,630632,94189,356244,1829989,4726857,38.71,0,0,1,0,12.17,0.01,319238.91,8.49,14.81,1.8,4.52,0,724821,39882.53,2770025.73,177665.5,587734.83,740767.06
"wisconsi",49,1998,157735,0,4891954,33.48,54.58,46420,8.8,4103981,672488,585650,234572,1230461,175134,589887,2815704,7592173,37.09,0,0,1,0,3.09,0.01,430491.95,9.53,17.64,0.54,7.56,0,1405595,161205.17,4194268.58,598534.3,239732.58,1436518.09
"wyoming",50,1998,16420,0,453589,3.83,30.23,8525,10.6,550492,76046,38240,0,40000,0,92033,170273,796811,21.37,0,0,1,0,0,0.02,48080.43,11.45,16.57,0,5.12,0,40000,16781.24,562602.82,39081.28,0,40880
"alabama",1,1999,115350,0,4040389,75.5,44.08,4407,15.1,5985733,591799,263397,0,417521,28875,18389,728182,7305714,9.97,0,0,0,1,0,0,610098.74,9.81,11.97,0,2.16,0,446396,115350,5985733,263397,0,446396
"alaska",2,1999,25444,1,550043,40.02,26.68,489,7.6,1007156,30534,725914,542686,189624,4999,168645,1631868,2669558,61.13,0,0,0,1,20.33,0,41803.27,24.09,63.86,12.98,26.79,1,194623,25444,1007156,725914,542686,194623
"arizona",3,1999,144440,0,3665339,10.77,40.25,8150,12,7371994,494043,949117,402141,542000,448198,744691,3086147,10952184,28.18,0,0,0,1,3.67,0,439840.68,16.76,24.9,0.91,7.23,0,990198,144440,7371994,949117,402141,990198
"arkansas",4,1999,65067,0,2350624,45.25,45.95,216895,14.7,3456504,194711,112251,34349,474262,29000,895258,1545120,5196335,29.73,0,0,0,1,0.66,0.09,345541.73,10,15.04,0.1,4.94,0,503262,65067,3456504,112251,34349,503262
"california",5,1999,1223474,1,29811427,88.31,56.96,85637,13.8,30753268,1570592,3491937,2461316,5094021,4679153,8779716,24506143,56830003,43.12,0,0,0,1,4.33,0,4113976.93,7.48,13.81,0.6,5.74,0,9773174,1223474,30753268,3491937,2461316,9773174
"colorado",6,1999,152202,1,3294473,16.87,49.59,22678,8.3,3127864,120264,214413,221153,895864,925313,891662,3148405,6396533,49.22,0,0,0,1,3.46,0.01,273441.26,11.44,23.39,0.81,11.15,0,1821177,152202,3127864,214413,221153,1821177
"connecticut",7,1999,149483,0,3287116,59.56,67.1,4643,7.1,1811112,295736,0,0,0,0,3103,3103,2109951,0.15,0,0,0,1,0,0,233385.24,7.76,9.04,0,1.28,0,0,149483,1811112,0,0,0
"delaware",8,1999,34983,0,666168,74.81,57.94,4228,10.4,465076,28000,4950,0,130475,0,23490,158915,615991,25.8,0,0,0,1,0,0.01,69281.47,6.71,8.89,0,2.7,0,130475,34983,465076,4950,0,130475
"florida",9,1999,441107,0,12938071,17.91,49.34,135981,12.4,13269822,916480,3509826,4062336,6130786,681689,3287045,17671682,31857984,55.47,0,0,0,1,12.75,0.01,1604320.8,8.27,19.86,2.53,9.05,0,6812475,441107,13269822,3509826,4062336,6812475
"georgia",10,1999,276487,1,6478149,87.78,48.31,312522,12.9,7635756,447072,1713941,3088412,1653600,1472269,2481946,10410168,18492996,56.29,0,0,0,1,16.7,0.05,835681.22,9.14,22.13,3.7,9.3,0,3125869,276487,7635756,1713941,3088412,3125869
"hawaii",11,1999,40486,1,1108229,94.5,82.5,1761,10.9,1005679,54217,621605,2534565,107480,326231,678582,4268463,5328359,80.11,0,0,0,1,47.57,0,120796.96,8.33,44.11,20.98,14.8,0,433711,40486,1005679,621605,2534565,433711
"idaho",12,1999,34104,0,1006734,9.25,26.2,49801,13.9,1135073,108593,511755,0,110000,63539,187503,872797,2116463,41.24,0,0,0,1,0,0.05,139936.03,8.11,15.12,0,7.01,0,173539,34104,1135073,511755,0,173539
"illinois",13,1999,442297,0,11430602,34.01,58.04,354008,9.9,10974715,388718,1731445,1536064,1416563,1644280,1791939,8120291,19483724,41.68,0,0,0,1,7.88,0.03,1131629.6,9.7,17.22,1.36,6.16,0,3060843,442297,10974715,1731445,1536064,3060843
"indiana",14,1999,183818,0,5544156,64.35,48.98,267056,6.7,4745083,218545,595781,1064793,0,468326,708827,2837727,7801355,36.37,0,0,0,1,13.65,0.05,371458.45,12.77,21,2.87,5.36,0,468326,183818,4745083,595781,1064793,468326
"iowa",15,1999,85158,1,2776831,56.55,48.29,156960,7.5,2542977,301940,418815,1046667,485157,438106,81988,2470733,5315650,46.48,0,0,0,1,19.69,0.06,208262.33,12.21,25.52,5.03,8.29,0,923263,85158,2542977,418815,1046667,923263
"kansas",16,1999,80701,1,2477588,7.4,37.32,124738,12.2,2271681,57304,502815,4887269,149999,586308,773198,6899589,9228574,74.76,0,0,0,1,52.96,0.05,302265.74,7.52,30.53,16.17,6.85,0,736307,80701,2271681,502815,4887269,736307
"kentucky",17,1999,112379,1,3686892,48.24,26.48,407258,12.1,5640069,291847,788972,2532775,405161,1067252,1033255,5827415,11759331,49.56,0,0,0,1,21.54,0.11,446113.93,12.64,26.36,5.68,8.04,0,1472413,112379,5640069,788972,2532775,1472413
"louisiana",18,1999,127992,1,4221826,37.79,33.48,113444,19.2,7999036,595688,378844,390139,891956,134297,110002,1905238,10499962,18.15,0,0,0,1,3.72,0.03,810590.59,9.87,12.95,0.48,2.6,0,1026253,127992,7999036,378844,390139,1026253
"maine",19,1999,34196,1,1227928,69.72,62.75,5009,10.6,1117086,228211,41185,615435,304178,94693,531022,1586513,2931810,54.11,0,0,0,1,20.99,0,130160.37,8.58,22.52,4.73,9.21,0,398871,34196,1117086,41185,615435,398871
"maryland",20,1999,174161,1,4780753,94.58,70.69,13888,7.3,3187168,22366,385656,3430930,3260000,360476,1462514,8899576,12109110,73.49,0,0,0,1,28.33,0,348994.97,9.13,34.7,9.83,15.73,0,3620476,174161,3187168,385656,3430930,3620476
"massachusetts",21,1999,261307,1,6016425,74.64,83.07,5745,11.7,4295971,192809,229984,1072079,629325,300469,585191,2817048,7305828,38.56,0,0,0,1,14.67,0,703921.73,6.1,10.38,1.52,2.75,0,929794,261307,4295971,229984,1072079,929794
"michigan",22,1999,311304,1,9295287,12.8,51.44,169203,9.7,9970653,362422,4432799,5323053,753322,2904995,1820269,15234438,25567513,59.59,0,0,0,1,20.82,0.02,901642.84,11.06,28.36,5.9,11.39,0,3658317,311304,9970653,4432799,5323053,3658317
"minnesota",23,1999,171846,1,4375665,53.41,52.37,30574,7.2,3802820,334947,1209713,4664650,996928,1067650,1373237,9312178,13449945,69.24,0,0,0,1,34.68,0.01,315047.88,12.07,42.69,14.81,15.81,0,2064578,171846,3802820,1209713,4664650,2064578
"mississippi",24,1999,64779,0,2575475,38.88,35.77,213001,16.1,5290050,446423,214386,25000,242065,0,58319,539770,6276243,8.6,0,0,0,1,0.4,0.08,414651.48,12.76,15.14,0.06,2.32,0,242065,64779,5290050,214386,25000,242065
"missouri",25,1999,169699,1,5116901,72.71,47.68,89358,11.6,5484954,287395,769262,1660283,985441,1039980,1473360,5928326,11700675,50.67,0,0,0,1,14.19,0.02,593560.52,9.24,19.71,2.8,7.67,0,2025421,169699,5484954,769262,1660283,2025421
"montana",26,1999,20564,1,799065,6.06,44.47,8920,15.6,1145390,8076,137289,15880,150066,5538,289382,598155,1751621,34.15,0,0,0,1,0.91,0.01,124654.14,9.19,14.05,0.13,4.74,0,155604,20564,1145390,137289,15880,155604
"nebraska",27,1999,53747,1,1578417,17.01,35.59,42268,10.9,1439242,68354,272727,1197106,302501,45145,914794,2732273,4239869,64.44,0,0,0,1,28.23,0.03,172047.45,8.37,24.64,6.96,9.32,0,347646,53747,1439242,272727,1197106,347646
"nevada",28,1999,69458,1,1201675,46.63,57.26,9548,11.3,1102092,90464,0,110480,52500,4532,65190,232702,1425258,16.33,0,0,0,1,7.75,0.01,135789.28,8.12,10.5,0.81,1.57,0,57032,69458,1102092,0,110480,57032
"new hampshire",29,1999,43616,1,1109252,54.63,33.67,4951,7.7,571628,6875,0,0,15000,8800,28000,51800,630303,8.22,0,0,0,1,0,0,85412.4,6.69,7.38,0,0.69,0,23800,43616,571628,0,0,23800
"new jersey",30,1999,332964,1,7747750,37.17,67.93,18945,7.8,4741113,306419,2799261,10112816,6734906,470155,4296274,24413412,29460944,82.87,0,0,0,1,34.33,0,604324.5,7.85,48.75,16.73,24.17,0,7205061,332964,4741113,2799261,10112816,7205061
"new mexico",31,1999,49853,0,1515069,50.09,50.78,14761,20.7,2922100,195968,331288,57845,0,192983,489704,1071820,4189888,25.58,0,0,0,1,1.38,0.01,313619.28,9.32,13.36,0.18,3.86,0,192983,49853,2922100,331288,57845,192983
"new york",32,1999,749421,1,17990778,51.71,68.72,30198,14.1,18837787,3041397,2452619,15766392,7143939,2709267,4135299,32207516,54086700,59.55,0,0,0,1,29.15,0,2536699.7,7.43,21.32,6.22,7.68,0,9853206,749421,18837787,2452619,15766392,9853206
"north carolina",33,1999,260572,1,6632448,86.48,51.35,412987,13.5,6982141,705797,1776323,1726183,295324,1164689,3346380,8308899,15996837,51.94,0,0,0,1,10.79,0.06,895380.48,7.8,17.87,1.93,8.14,0,1460013,260572,6982141,1776323,1726183,1460013
"north dakota",34,1999,16988,1,638800,21.22,62.57,26500,13,894719,39631,166950,259010,71896,84255,44492,626603,1560953,40.14,0,0,0,1,16.59,0.04,83044,10.77,18.8,3.12,4.9,0,156151,16988,894719,166950,259010,156151
"ohio",35,1999,356523,1,10847115,16.45,51.58,201128,12,10830448,402081,1380374,1191249,12250585,1204768,6433748,22460724,33693253,66.66,0,0,0,1,3.54,0.02,1301653.8,8.32,25.88,0.92,16.65,0,13455353,356523,10830448,1380374,1191249,13455353
"oklahoma",36,1999,85834,1,3145576,29.65,23.97,123005,12.7,4523847,243657,611741,945430,216150,350115,619633,2743069,7510573,36.52,0,0,0,1,12.59,0.04,399488.15,11.32,18.8,2.37,5.11,0,566265,85834,4523847,611741,945430,566265
"oregon",37,1999,109850,1,2842337,57.56,58.77,21721,12.6,3008590,47040,933146,1149476,425046,1644032,912989,5064689,8120319,62.37,0,0,0,1,14.16,0.01,358134.46,8.4,22.67,3.21,11.06,0,2069078,109850,3008590,933146,1149476,2069078
"pennsylvania",38,1999,382510,1,11882842,27.35,54.63,27300,9.4,10618176,894862,5117138,2452136,2571584,1537561,3584691,15263110,26776148,57,0,0,0,1,9.16,0,1116987.15,9.51,23.97,2.2,12.27,0,4109145,382510,10618176,5117138,2452136,4109145
"rhode island",39,1999,32154,1,1003464,63.33,71.88,2730,9.9,766566,564,192330,2400,400000,142815,581473,1319018,2086148,63.23,0,0,0,1,0.12,0,99342.94,7.72,21,0.02,13.26,0,542815,32154,766566,192330,2400,542815
"south carolina",40,1999,107219,1,3486310,72.65,53.6,130500,11.7,4283184,390257,458263,1467473,898824,349251,274549,3448360,8121801,42.46,0,0,0,1,18.07,0.04,407898.27,10.5,19.91,3.6,5.81,0,1248075,107219,4283184,458263,1467473,1248075
"south dakota",41,1999,21709,0,696004,10.5,47.71,10687,7.7,1667641,124039,127731,192161,43888,35392,87383,486555,2278235,21.36,0,0,0,1,8.43,0.02,53592.31,31.12,42.51,3.59,7.81,0,79280,21709,1667641,127731,192161,79280
"tennessee",42,1999,170402,1,4877203,45.51,47.63,501975,11.9,6162150,401356,2005281,2028210,659900,409700,1714429,6817520,13381026,50.95,0,0,0,1,15.16,0.1,580387.16,10.62,23.06,3.49,8.94,0,1069600,170402,6162150,2005281,2028210,1069600
"texas",43,1999,684936,1,16986335,24.28,41.35,313498,15,25005769,1188129,1629527,1467504,4459952,1156633,1714796,10428412,36622310,28.48,0,0,0,1,4.01,0.02,2547950.25,9.81,14.37,0.58,3.98,0,5616585,684936,25005769,1629527,1467504,5616585
"utah",44,1999,62780,0,1722850,13.5,38.01,22300,5.7,1629361,218810,434338,49229,103000,142614,204212,933393,2781564,33.56,0,0,0,1,1.77,0.01,98202.45,16.59,28.32,0.5,11.23,0,245614,62780,1629361,434338,49229,245614
"vermont",45,1999,17206,1,562758,92.1,71.65,4761,9.7,441468,20480,0,7500,4000,0,1500,1300,474948,0.27,0,0,0,1,1.58,0.01,54587.53,8.09,8.7,0.14,0.48,0,4000,17206,441468,0,7500,4000
"virginia",46,1999,240688,1,6189197,27.95,45.02,136312,7.9,5059244,248332,434217,4113507,2898080,522341,610420,8578565,13886141,61.78,0,0,0,1,29.62,0.02,488946.56,10.35,28.4,8.41,9.64,0,3420421,240688,5059244,434217,4113507,3420421
"washington",47,1999,209338,1,4866669,68.75,46.84,19453,9.5,488243,229375,172842,954129,152500,0,163187,1442658,6160276,23.42,0,0,0,1,15.49,0,462333.56,1.06,13.32,2.06,1.55,0,152500,209338,488243,172842,954129,152500
"west virginia",48,1999,40626,1,1793477,43.1,62.2,14008,15.7,2854608,97466,316227,620371,958312,100944,222333,2218187,5170261,42.9,0,0,0,1,12,0.01,281575.89,10.14,18.36,2.2,6.02,0,1059256,40626,2854608,316227,620371,1059256
"wisconsin",49,1999,165570,1,4891954,28.83,52.23,46716,8.6,4322342,527504,1100795,231998,1430812,193593,740438,3697636,8019978,46.11,0,0,0,1,2.89,0.01,420708.04,10.27,19.06,0.55,9.49,0,1624405,165570,4322342,1100795,231998,1624405
"wyoming",50,1999,17457,0,453589,4.5,30.06,8740,11.6,579782,91292,47201,0,40000,0,123356,210557,790339,26.64,0,0,0,1,0,0.02,52616.32,11.02,15.02,0,5.74,0,40000,17457,579782,47201,0,40000
